{"episode_types": ["t"], "episode_lengths": [1000], "timestamps": [1547011781.6912904], "initial_reset_timestamp": 1547011758.370947, "episode_rewards": [3773.9976795428092]}